,precision,recall,f1-score,support
Healthy,0.7424242424242424,0.98,0.8448275862068965,100.0
Mild DR,0.43478260869565216,0.2702702702702703,0.3333333333333333,37.0
Moderate DR,0.5583333333333333,0.7444444444444445,0.638095238095238,90.0
Proliferate DR,0.0,0.0,0.0,29.0
Severe DR,0.0,0.0,0.0,19.0
accuracy,0.6363636363636364,0.6363636363636364,0.6363636363636364,0.6363636363636364
macro avg,0.34710803689064557,0.3989429429429429,0.3632512315270936,275.0
weighted avg,0.5111977482333213,0.6363636363636364,0.560889685027616,275.0
